dimension_a,dimension_b,freq_a,freq_b,n11,n10,n01,n00,exp_11,exp_10,exp_01,exp_00,min_expected,chi2,chi2_p,fisher_p,fisher_p_holm,fisher_p_bh,phi
Causal Traceability,Temporal Traceability,2,3,2,0,1,48,0.117647,1.882353,2.882353,46.117647,0.117647,33.306122,0.000000,0.002353,0.444706,0.168649,0.808122
Provenance,Trustworthiness,4,8,4,0,4,43,0.627451,3.372549,7.372549,39.627451,0.627451,23.329787,0.000001,0.000280,0.053221,0.053221,0.676348
Data Currency,Data Update Currency,3,1,1,2,0,48,0.058824,2.941176,0.941176,47.058824,0.058824,16.320000,0.000053,0.058824,1.000000,0.676223,0.565685
External Accuracy,External Completeness,8,15,6,2,9,34,2.352941,5.647059,12.647059,30.352941,2.352941,9.498256,0.002057,0.005326,0.985265,0.168649,0.431556
Logical Consistency,Time Concurrency,6,3,2,4,1,44,0.352941,5.647059,2.647059,42.352941,0.352941,9.255556,0.002348,0.033373,1.000000,0.671786,0.426006
Compliance,Trustworthiness,25,8,0,25,8,18,3.921569,21.078431,4.078431,21.921569,3.921569,9.123435,0.002524,0.004152,0.780579,0.168649,-0.422955
External Completeness,Internal Completeness,15,21,11,4,10,26,6.176471,8.823529,14.823529,21.176471,6.176471,9.072063,0.002595,0.004441,0.830449,0.168649,0.421762
Appropriateness,Compliance,24,25,17,7,8,19,11.764706,12.235294,13.235294,13.764706,11.764706,8.631859,0.003303,0.005006,0.931090,0.168649,0.411403
Availability,External Completeness,3,15,3,0,12,36,0.882353,2.117647,14.117647,33.882353,0.882353,7.650000,0.005677,0.021849,1.000000,0.567862,0.387298
Causal Traceability,Time Concurrency,2,3,1,1,2,47,0.117647,1.882353,2.882353,46.117647,0.117647,7.318240,0.006826,0.115294,1.000000,1.000000,0.378807
Availability,External Accuracy,3,8,2,1,6,42,0.470588,2.529412,7.529412,40.470588,0.470588,6.263808,0.012323,0.060504,1.000000,0.676223,0.350457
Appropriateness,Logical Consistency,24,6,0,24,6,21,2.823529,21.176471,3.176471,23.823529,2.823529,6.044444,0.013950,0.023910,1.000000,0.567862,-0.344265
Causal Traceability,Provenance,2,4,1,1,3,46,0.156863,1.843137,3.843137,45.156863,0.156863,5.118270,0.023675,0.152157,1.000000,1.000000,0.316794
Coherence,Semantic Accuracy,12,18,1,11,17,22,4.235294,7.764706,13.764706,25.235294,4.235294,4.994658,0.025426,0.037281,1.000000,0.671786,-0.312945
Appropriateness,Coherence,24,12,9,15,3,24,5.647059,18.352941,6.352941,20.647059,5.647059,4.917468,0.026586,0.045616,1.000000,0.671786,0.310517
Appropriateness,Syntactic Accuracy,24,12,9,15,3,24,5.647059,18.352941,6.352941,20.647059,5.647059,4.917468,0.026586,0.045616,1.000000,0.671786,0.310517
Appropriateness,Trustworthiness,24,8,1,23,7,20,3.764706,20.235294,4.235294,22.764706,3.764706,4.548571,0.032946,0.052787,1.000000,0.671786,-0.298643
External Completeness,Semantic Accuracy,15,18,2,13,16,20,5.294118,9.705882,12.705882,23.294118,5.294118,4.487542,0.034143,0.053036,1.000000,0.671786,-0.296633
Data Currency,Time Concurrency,3,3,1,2,2,46,0.176471,2.823529,2.823529,45.176471,0.176471,4.338542,0.037259,0.169460,1.000000,1.000000,0.291667
Temporal Traceability,Time Concurrency,3,3,1,2,2,46,0.176471,2.823529,2.823529,45.176471,0.176471,4.338542,0.037259,0.169460,1.000000,1.000000,0.291667
Coherence,Compliance,12,25,9,3,16,23,5.882353,6.117647,19.117647,19.882353,5.882353,4.238432,0.039519,0.052229,1.000000,0.671786,0.288282
Compliance,Provenance,25,4,0,25,4,22,1.960784,23.039216,2.039216,23.960784,1.960784,4.173486,0.041061,0.110444,1.000000,1.000000,-0.286065
Syntactic Accuracy,Versatility,12,5,3,9,2,37,1.176471,10.823529,3.823529,35.176471,1.176471,4.097910,0.042936,0.077953,1.000000,0.822840,0.283463
Coherence,Internal Completeness,12,21,2,10,19,20,4.941176,7.058824,16.058824,22.941176,4.941176,3.891941,0.048518,0.091194,1.000000,0.911944,-0.276247
Compliance,Temporal Traceability,25,3,0,25,3,23,1.470588,23.529412,1.529412,24.470588,1.470588,3.064904,0.080000,0.235294,1.000000,1.000000,-0.245145
Causal Traceability,Internal Completeness,2,21,2,0,19,30,0.823529,1.176471,20.176471,28.823529,0.823529,2.973761,0.084625,0.164706,1.000000,1.000000,0.241473
Causal Traceability,Logical Consistency,2,6,1,1,5,44,0.235294,1.764706,5.764706,43.235294,0.235294,2.931633,0.086860,0.223529,1.000000,1.000000,0.239756
Logical Consistency,Semantic Accuracy,6,18,4,2,14,31,2.117647,3.882353,15.882353,29.117647,2.117647,2.930640,0.086913,0.167943,1.000000,1.000000,0.239716
Syntactic Accuracy,Trustworthiness,12,8,0,12,8,31,1.882353,10.117647,6.117647,32.882353,1.882353,2.919499,0.087515,0.173050,1.000000,1.000000,-0.239259
Availability,Compactness,3,4,1,2,3,45,0.235294,2.764706,3.764706,44.235294,0.235294,2.865359,0.090506,0.221369,1.000000,1.000000,0.237031
Compactness,Data Currency,4,3,1,3,2,45,0.235294,3.764706,2.764706,44.235294,0.235294,2.865359,0.090506,0.221369,1.000000,1.000000,0.237031
Compactness,Time Concurrency,4,3,1,3,2,45,0.235294,3.764706,2.764706,44.235294,0.235294,2.865359,0.090506,0.221369,1.000000,1.000000,0.237031
Provenance,Temporal Traceability,4,3,1,3,2,45,0.235294,3.764706,2.764706,44.235294,0.235294,2.865359,0.090506,0.221369,1.000000,1.000000,0.237031
Compliance,Logical Consistency,25,6,1,24,5,21,2.941176,22.058824,3.058824,22.941176,2.941176,2.848154,0.091479,0.190634,1.000000,1.000000,-0.236318
Compliance,Precision,25,8,6,19,2,24,3.921569,21.078431,4.078431,21.921569,3.921569,2.562773,0.109407,0.139996,1.000000,1.000000,0.224166
Appropriateness,Versatility,24,5,4,20,1,26,2.352941,21.647059,2.647059,24.352941,2.352941,2.414493,0.120217,0.174596,1.000000,1.000000,0.217584
Compactness,Semantic Accuracy,4,18,0,4,18,29,1.411765,2.588235,16.588235,30.411765,1.411765,2.367505,0.123885,0.283745,1.000000,1.000000,-0.215457
External Completeness,Versatility,15,5,0,15,5,31,1.470588,13.529412,3.529412,32.470588,1.470588,2.309783,0.128562,0.304711,1.000000,1.000000,-0.212814
Data Currency,External Completeness,3,15,2,1,13,35,0.882353,2.117647,14.117647,33.882353,0.882353,2.130903,0.144356,0.203361,1.000000,1.000000,0.204407
Compliance,Versatility,25,5,4,21,1,25,2.450980,22.549020,2.549020,23.450980,2.450980,2.129037,0.144532,0.190634,1.000000,1.000000,0.204318
Coherence,Logical Consistency,12,6,0,12,6,33,1.411765,10.588235,4.588235,34.411765,1.411765,2.092308,0.148042,0.314935,1.000000,1.000000,-0.202548
Compliance,External Completeness,25,15,5,20,10,16,7.352941,17.647059,7.647059,18.352941,7.352941,2.092308,0.148042,0.220316,1.000000,1.000000,-0.202548
Causal Traceability,Compliance,2,25,0,2,25,24,0.980392,1.019608,24.019608,24.980392,0.980392,2.001570,0.157136,0.490196,1.000000,1.000000,-0.198107
Compliance,Syntactic Accuracy,25,12,8,17,4,22,5.882353,19.117647,6.117647,19.882353,5.882353,1.955503,0.161995,0.199350,1.000000,1.000000,0.195814
External Completeness,Trustworthiness,15,8,4,11,4,32,2.352941,12.647059,5.647059,30.352941,2.352941,1.937209,0.163972,0.212792,1.000000,1.000000,0.194896
Data Update Currency,Semantic Accuracy,1,18,1,0,17,33,0.352941,0.647059,17.647059,32.352941,0.352941,1.870000,0.171475,0.352941,1.000000,1.000000,0.191485
Causal Traceability,Trustworthiness,2,8,1,1,7,42,0.313725,1.686275,7.686275,41.313725,0.313725,1.853198,0.173412,0.291765,1.000000,1.000000,0.190623
Internal Completeness,Precision,21,8,5,16,3,27,3.294118,17.705882,4.705882,25.294118,3.294118,1.781188,0.182004,0.248944,1.000000,1.000000,0.186883
External Accuracy,Precision,8,8,0,8,8,35,1.254902,6.745098,6.745098,36.254902,1.254902,1.765279,0.183967,0.327075,1.000000,1.000000,-0.186047
Precision,Trustworthiness,8,8,0,8,8,35,1.254902,6.745098,6.745098,36.254902,1.254902,1.765279,0.183967,0.327075,1.000000,1.000000,-0.186047
Availability,Semantic Accuracy,3,18,0,3,18,30,1.058824,1.941176,16.941176,31.058824,1.058824,1.738636,0.187312,0.543625,1.000000,1.000000,-0.184637
Semantic Accuracy,Temporal Traceability,18,3,0,18,3,30,1.058824,16.941176,1.941176,31.058824,1.058824,1.738636,0.187312,0.543625,1.000000,1.000000,-0.184637
Availability,Logical Consistency,3,6,1,2,5,43,0.352941,2.647059,5.647059,42.352941,0.352941,1.428472,0.232014,0.318607,1.000000,1.000000,0.167360
Logical Consistency,Temporal Traceability,6,3,1,5,2,43,0.352941,5.647059,2.647059,42.352941,0.352941,1.428472,0.232014,0.318607,1.000000,1.000000,0.167360
Data Currency,Semantic Accuracy,3,18,2,1,16,32,1.058824,1.941176,16.941176,31.058824,1.058824,1.373737,0.241171,0.281633,1.000000,1.000000,0.164122
Provenance,Syntactic Accuracy,4,12,0,4,12,35,0.941176,3.058824,11.058824,35.941176,0.941176,1.335516,0.247826,0.561152,1.000000,1.000000,-0.161823
External Completeness,Precision,15,8,1,14,7,29,2.352941,12.647059,5.647059,30.352941,2.352941,1.307122,0.252916,0.409436,1.000000,1.000000,-0.160093
Logical Consistency,Precision,6,8,0,6,8,37,0.941176,5.058824,7.058824,37.941176,0.941176,1.265116,0.260685,0.572403,1.000000,1.000000,-0.157500
Appropriateness,Internal Completeness,24,21,8,16,13,14,9.882353,14.117647,11.117647,15.882353,9.882353,1.151323,0.283272,0.394021,1.000000,1.000000,-0.150250
Appropriateness,Data Update Currency,24,1,1,23,0,27,0.470588,23.529412,0.529412,26.470588,0.470588,1.147500,0.284073,0.470588,1.000000,1.000000,0.150000
Causal Traceability,Semantic Accuracy,2,18,0,2,18,31,0.705882,1.294118,17.294118,31.705882,0.705882,1.135436,0.286619,0.534118,1.000000,1.000000,-0.149209
External Accuracy,Versatility,8,5,0,8,5,38,0.784314,7.215686,4.215686,38.784314,0.784314,1.031345,0.309843,0.579713,1.000000,1.000000,-0.142206
Trustworthiness,Versatility,8,5,0,8,5,38,0.784314,7.215686,4.215686,38.784314,0.784314,1.031345,0.309843,0.579713,1.000000,1.000000,-0.142206
Compactness,Compliance,4,25,1,3,24,23,1.960784,2.039216,23.039216,23.960784,1.960784,1.002054,0.316814,0.609844,1.000000,1.000000,-0.140172
Availability,Coherence,3,12,0,3,12,36,0.705882,2.294118,11.294118,36.705882,0.705882,0.980769,0.322009,1.000000,1.000000,1.000000,-0.138675
Coherence,Temporal Traceability,12,3,0,12,3,36,0.705882,11.294118,2.294118,36.705882,0.705882,0.980769,0.322009,1.000000,1.000000,1.000000,-0.138675
Compliance,Data Update Currency,25,1,0,25,1,25,0.490196,24.509804,0.509804,25.490196,0.490196,0.980769,0.322009,1.000000,1.000000,1.000000,-0.138675
Data Currency,Syntactic Accuracy,3,12,0,3,12,36,0.705882,2.294118,11.294118,36.705882,0.705882,0.980769,0.322009,1.000000,1.000000,1.000000,-0.138675
Syntactic Accuracy,Temporal Traceability,12,3,0,12,3,36,0.705882,11.294118,2.294118,36.705882,0.705882,0.980769,0.322009,1.000000,1.000000,1.000000,-0.138675
Syntactic Accuracy,Time Concurrency,12,3,0,12,3,36,0.705882,11.294118,2.294118,36.705882,0.705882,0.980769,0.322009,1.000000,1.000000,1.000000,-0.138675
Appropriateness,Precision,24,8,5,19,3,24,3.764706,20.235294,4.235294,22.764706,3.764706,0.908067,0.340628,0.450527,1.000000,1.000000,0.133436
Precision,Semantic Accuracy,8,18,4,4,14,29,2.823529,5.176471,15.176471,27.823529,2.823529,0.898520,0.343179,0.429734,1.000000,1.000000,0.132733
Compactness,External Completeness,4,15,2,2,13,34,1.176471,2.823529,13.823529,33.176471,1.176471,0.886170,0.346517,0.571429,1.000000,1.000000,0.131818
External Completeness,Provenance,15,4,2,13,2,34,1.176471,13.823529,2.823529,33.176471,1.176471,0.886170,0.346517,0.571429,1.000000,1.000000,0.131818
Availability,Internal Completeness,3,21,2,1,19,29,1.235294,1.764706,19.764706,28.235294,1.235294,0.855060,0.355125,0.561345,1.000000,1.000000,0.129483
Internal Completeness,Temporal Traceability,21,3,2,19,1,29,1.235294,19.764706,1.764706,28.235294,1.235294,0.855060,0.355125,0.561345,1.000000,1.000000,0.129483
Internal Completeness,Time Concurrency,21,3,2,19,1,29,1.235294,19.764706,1.764706,28.235294,1.235294,0.855060,0.355125,0.561345,1.000000,1.000000,0.129483
Appropriateness,Compactness,24,4,1,23,3,24,1.882353,22.117647,2.117647,24.882353,1.882353,0.847739,0.357193,0.612341,1.000000,1.000000,-0.128928
Appropriateness,Provenance,24,4,1,23,3,24,1.882353,22.117647,2.117647,24.882353,1.882353,0.847739,0.357193,0.612341,1.000000,1.000000,-0.128928
Coherence,Versatility,12,5,2,10,3,36,1.176471,10.823529,3.823529,35.176471,1.176471,0.835786,0.360605,0.579827,1.000000,1.000000,0.128015
Compactness,Precision,4,8,0,4,8,39,0.627451,3.372549,7.372549,39.627451,0.627451,0.807521,0.368854,1.000000,1.000000,1.000000,-0.125832
Compactness,Trustworthiness,4,8,0,4,8,39,0.627451,3.372549,7.372549,39.627451,0.627451,0.807521,0.368854,1.000000,1.000000,1.000000,-0.125832
Precision,Provenance,8,4,0,8,4,39,0.627451,7.372549,3.372549,39.627451,0.627451,0.807521,0.368854,1.000000,1.000000,1.000000,-0.125832
Data Currency,External Accuracy,3,8,1,2,7,41,0.470588,2.529412,7.529412,40.470588,0.470588,0.750545,0.386304,0.407395,1.000000,1.000000,0.121312
Temporal Traceability,Trustworthiness,3,8,1,2,7,41,0.470588,2.529412,7.529412,40.470588,0.470588,0.750545,0.386304,0.407395,1.000000,1.000000,0.121312
Logical Consistency,Versatility,6,5,0,6,5,40,0.588235,5.411765,4.411765,40.588235,0.588235,0.739130,0.389940,1.000000,1.000000,1.000000,-0.120386
Compactness,Logical Consistency,4,6,1,3,5,42,0.470588,3.529412,5.529412,41.470588,0.470588,0.732447,0.392091,0.403782,1.000000,1.000000,0.119840
Data Update Currency,Internal Completeness,1,21,0,1,21,29,0.411765,0.588235,20.588235,29.411765,0.411765,0.714000,0.398119,1.000000,1.000000,1.000000,-0.118322
Internal Completeness,Semantic Accuracy,21,18,6,15,12,18,7.411765,13.588235,10.588235,19.411765,7.411765,0.706494,0.400610,0.553207,1.000000,1.000000,-0.117698
Coherence,Precision,12,8,1,11,7,32,1.882353,10.117647,6.117647,32.882353,1.882353,0.641492,0.423171,0.661832,1.000000,1.000000,-0.112153
Coherence,Trustworthiness,12,8,1,11,7,32,1.882353,10.117647,6.117647,32.882353,1.882353,0.641492,0.423171,0.661832,1.000000,1.000000,-0.112153
External Accuracy,Syntactic Accuracy,8,12,1,7,11,32,1.882353,6.117647,10.117647,32.882353,1.882353,0.641492,0.423171,0.661832,1.000000,1.000000,-0.112153
Causal Traceability,Coherence,2,12,0,2,12,37,0.470588,1.529412,11.529412,37.470588,0.470588,0.640502,0.423529,1.000000,1.000000,1.000000,-0.112066
Causal Traceability,Syntactic Accuracy,2,12,0,2,12,37,0.470588,1.529412,11.529412,37.470588,0.470588,0.640502,0.423529,1.000000,1.000000,1.000000,-0.112066
External Accuracy,Trustworthiness,8,8,2,6,6,37,1.254902,6.745098,6.745098,36.254902,1.254902,0.622330,0.430183,0.595151,1.000000,1.000000,0.110465
Availability,Precision,3,8,0,3,8,40,0.470588,2.529412,7.529412,40.470588,0.470588,0.593023,0.441252,1.000000,1.000000,1.000000,-0.107833
Availability,Trustworthiness,3,8,0,3,8,40,0.470588,2.529412,7.529412,40.470588,0.470588,0.593023,0.441252,1.000000,1.000000,1.000000,-0.107833
Data Currency,Precision,3,8,0,3,8,40,0.470588,2.529412,7.529412,40.470588,0.470588,0.593023,0.441252,1.000000,1.000000,1.000000,-0.107833
Data Currency,Trustworthiness,3,8,0,3,8,40,0.470588,2.529412,7.529412,40.470588,0.470588,0.593023,0.441252,1.000000,1.000000,1.000000,-0.107833
External Accuracy,Temporal Traceability,8,3,0,8,3,40,0.470588,7.529412,2.529412,40.470588,0.470588,0.593023,0.441252,1.000000,1.000000,1.000000,-0.107833
External Accuracy,Time Concurrency,8,3,0,8,3,40,0.470588,7.529412,2.529412,40.470588,0.470588,0.593023,0.441252,1.000000,1.000000,1.000000,-0.107833
Precision,Temporal Traceability,8,3,0,8,3,40,0.470588,7.529412,2.529412,40.470588,0.470588,0.593023,0.441252,1.000000,1.000000,1.000000,-0.107833
Precision,Time Concurrency,8,3,0,8,3,40,0.470588,7.529412,2.529412,40.470588,0.470588,0.593023,0.441252,1.000000,1.000000,1.000000,-0.107833
Time Concurrency,Trustworthiness,3,8,0,3,8,40,0.470588,2.529412,7.529412,40.470588,0.470588,0.593023,0.441252,1.000000,1.000000,1.000000,-0.107833
Logical Consistency,Provenance,6,4,0,6,4,41,0.470588,5.529412,3.529412,41.470588,0.470588,0.578723,0.446813,1.000000,1.000000,1.000000,-0.106525
External Completeness,Logical Consistency,15,6,1,14,5,31,1.764706,13.235294,4.235294,31.764706,1.764706,0.532037,0.465752,0.656568,1.000000,1.000000,-0.102138
Internal Completeness,Syntactic Accuracy,21,12,6,15,6,24,4.941176,16.058824,7.058824,22.941176,4.941176,0.504396,0.477575,0.518396,1.000000,1.000000,0.099449
Compliance,External Accuracy,25,8,3,22,5,21,3.921569,21.078431,4.078431,21.921569,3.921569,0.503842,0.477817,0.703002,1.000000,1.000000,-0.099394
Appropriateness,Data Currency,24,3,2,22,1,26,1.411765,22.588235,1.588235,25.411765,1.411765,0.491898,0.483082,0.595486,1.000000,1.000000,0.098209
Compliance,Semantic Accuracy,25,18,10,15,8,18,8.823529,16.176471,9.176471,16.823529,8.823529,0.475524,0.490457,0.565304,1.000000,1.000000,0.096561
Compactness,Versatility,4,5,0,4,5,42,0.392157,3.607843,4.607843,42.392157,0.392157,0.471785,0.492167,1.000000,1.000000,1.000000,-0.096181
Provenance,Versatility,4,5,0,4,5,42,0.392157,3.607843,4.607843,42.392157,0.392157,0.471785,0.492167,1.000000,1.000000,1.000000,-0.096181
Appropriateness,External Completeness,24,15,6,18,9,18,7.058824,16.941176,7.941176,19.058824,7.058824,0.425000,0.514453,0.554204,1.000000,1.000000,-0.091287
Causal Traceability,External Completeness,2,15,1,1,14,35,0.588235,1.411765,14.411765,34.588235,0.588235,0.425000,0.514453,0.505882,1.000000,1.000000,0.091287
Data Currency,Logical Consistency,3,6,0,3,6,42,0.352941,2.647059,5.647059,42.352941,0.352941,0.425000,0.514453,1.000000,1.000000,1.000000,-0.091287
Data Update Currency,External Completeness,1,15,0,1,15,35,0.294118,0.705882,14.705882,35.294118,0.294118,0.425000,0.514453,1.000000,1.000000,1.000000,-0.091287
Compliance,Data Currency,25,3,2,23,1,25,1.470588,23.529412,1.529412,24.470588,1.470588,0.397212,0.528533,0.609844,1.000000,1.000000,0.088252
Causal Traceability,External Accuracy,2,8,0,2,8,41,0.313725,1.686275,7.686275,41.313725,0.313725,0.387280,0.533732,1.000000,1.000000,1.000000,-0.087142
Causal Traceability,Precision,2,8,0,2,8,41,0.313725,1.686275,7.686275,41.313725,0.313725,0.387280,0.533732,1.000000,1.000000,1.000000,-0.087142
Compactness,Provenance,4,4,0,4,4,43,0.313725,3.686275,3.686275,43.313725,0.313725,0.369398,0.543333,1.000000,1.000000,1.000000,-0.085106
Appropriateness,External Accuracy,24,8,3,21,5,22,3.764706,20.235294,4.235294,22.764706,3.764706,0.347989,0.555254,0.707134,1.000000,1.000000,-0.082603
Availability,Versatility,3,5,0,3,5,43,0.294118,2.705882,4.705882,43.294118,0.294118,0.346467,0.556120,1.000000,1.000000,1.000000,-0.082423
Data Currency,Versatility,3,5,0,3,5,43,0.294118,2.705882,4.705882,43.294118,0.294118,0.346467,0.556120,1.000000,1.000000,1.000000,-0.082423
Temporal Traceability,Versatility,3,5,0,3,5,43,0.294118,2.705882,4.705882,43.294118,0.294118,0.346467,0.556120,1.000000,1.000000,1.000000,-0.082423
Time Concurrency,Versatility,3,5,0,3,5,43,0.294118,2.705882,4.705882,43.294118,0.294118,0.346467,0.556120,1.000000,1.000000,1.000000,-0.082423
Availability,Compliance,3,25,1,2,24,24,1.470588,1.529412,23.529412,24.470588,1.470588,0.313846,0.575330,1.000000,1.000000,1.000000,-0.078446
Coherence,Data Update Currency,12,1,0,12,1,38,0.235294,11.764706,0.764706,38.235294,0.235294,0.313846,0.575330,1.000000,1.000000,1.000000,-0.078446
Compliance,Time Concurrency,25,3,1,24,2,24,1.470588,23.529412,1.529412,24.470588,1.470588,0.313846,0.575330,1.000000,1.000000,1.000000,-0.078446
Data Update Currency,Syntactic Accuracy,1,12,0,1,12,38,0.235294,0.764706,11.764706,38.235294,0.235294,0.313846,0.575330,1.000000,1.000000,1.000000,-0.078446
Internal Completeness,Trustworthiness,21,8,4,17,4,26,3.294118,17.705882,4.705882,25.294118,3.294118,0.304983,0.580775,0.702349,1.000000,1.000000,0.077331
Compactness,External Accuracy,4,8,1,3,7,40,0.627451,3.372549,7.372549,39.627451,0.627451,0.284683,0.593648,0.506162,1.000000,1.000000,0.074713
External Accuracy,Provenance,8,4,1,7,3,40,0.627451,7.372549,3.372549,39.627451,0.627451,0.284683,0.593648,0.506162,1.000000,1.000000,0.074713
Availability,Provenance,3,4,0,3,4,44,0.235294,2.764706,3.764706,44.235294,0.235294,0.271277,0.602477,1.000000,1.000000,1.000000,-0.072932
Compactness,Temporal Traceability,4,3,0,4,3,44,0.235294,3.764706,2.764706,44.235294,0.235294,0.271277,0.602477,1.000000,1.000000,1.000000,-0.072932
Data Currency,Provenance,3,4,0,3,4,44,0.235294,2.764706,3.764706,44.235294,0.235294,0.271277,0.602477,1.000000,1.000000,1.000000,-0.072932
Provenance,Time Concurrency,4,3,0,4,3,44,0.235294,3.764706,2.764706,44.235294,0.235294,0.271277,0.602477,1.000000,1.000000,1.000000,-0.072932
Appropriateness,Availability,24,3,1,23,2,25,1.411765,22.588235,1.588235,25.411765,1.411765,0.241030,0.623463,1.000000,1.000000,1.000000,-0.068746
Appropriateness,Temporal Traceability,24,3,1,23,2,25,1.411765,22.588235,1.588235,25.411765,1.411765,0.241030,0.623463,1.000000,1.000000,1.000000,-0.068746
Appropriateness,Time Concurrency,24,3,1,23,2,25,1.411765,22.588235,1.588235,25.411765,1.411765,0.241030,0.623463,1.000000,1.000000,1.000000,-0.068746
Causal Traceability,Versatility,2,5,0,2,5,44,0.196078,1.803922,4.803922,44.196078,0.196078,0.226264,0.634308,1.000000,1.000000,1.000000,-0.066607
Provenance,Semantic Accuracy,4,18,1,3,17,30,1.411765,2.588235,16.588235,30.411765,1.411765,0.201402,0.653591,1.000000,1.000000,1.000000,-0.062842
Availability,Data Currency,3,3,0,3,3,45,0.176471,2.823529,2.823529,45.176471,0.176471,0.199219,0.655352,1.000000,1.000000,1.000000,-0.062500
Availability,Temporal Traceability,3,3,0,3,3,45,0.176471,2.823529,2.823529,45.176471,0.176471,0.199219,0.655352,1.000000,1.000000,1.000000,-0.062500
Availability,Time Concurrency,3,3,0,3,3,45,0.176471,2.823529,2.823529,45.176471,0.176471,0.199219,0.655352,1.000000,1.000000,1.000000,-0.062500
Data Currency,Temporal Traceability,3,3,0,3,3,45,0.176471,2.823529,2.823529,45.176471,0.176471,0.199219,0.655352,1.000000,1.000000,1.000000,-0.062500
Data Update Currency,External Accuracy,1,8,0,1,8,42,0.156863,0.843137,7.843137,42.156863,0.156863,0.189767,0.663110,1.000000,1.000000,1.000000,-0.060999
Data Update Currency,Precision,1,8,0,1,8,42,0.156863,0.843137,7.843137,42.156863,0.156863,0.189767,0.663110,1.000000,1.000000,1.000000,-0.060999
Data Update Currency,Trustworthiness,1,8,0,1,8,42,0.156863,0.843137,7.843137,42.156863,0.156863,0.189767,0.663110,1.000000,1.000000,1.000000,-0.060999
Logical Consistency,Syntactic Accuracy,6,12,1,5,11,34,1.411765,4.588235,10.588235,34.411765,1.411765,0.177991,0.673105,1.000000,1.000000,1.000000,-0.059076
Causal Traceability,Compactness,2,4,0,2,4,45,0.156863,1.843137,3.843137,45.156863,0.156863,0.177160,0.673825,1.000000,1.000000,1.000000,-0.058938
Internal Completeness,Logical Consistency,21,6,2,19,4,26,2.470588,18.529412,3.529412,26.470588,2.470588,0.172698,0.677725,1.000000,1.000000,1.000000,-0.058191
Availability,Syntactic Accuracy,3,12,1,2,11,37,0.705882,2.294118,11.294118,36.705882,0.705882,0.170272,0.679870,0.561152,1.000000,1.000000,0.057781
Coherence,Data Currency,12,3,1,11,2,37,0.705882,11.294118,2.294118,36.705882,0.705882,0.170272,0.679870,0.561152,1.000000,1.000000,0.057781
Coherence,Time Concurrency,12,3,1,11,2,37,0.705882,11.294118,2.294118,36.705882,0.705882,0.170272,0.679870,0.561152,1.000000,1.000000,0.057781
Coherence,External Completeness,12,15,3,9,12,27,3.529412,8.470588,11.470588,27.529412,3.529412,0.147115,0.701307,1.000000,1.000000,1.000000,-0.053709
Compactness,Internal Completeness,4,21,2,2,19,28,1.647059,2.352941,19.352941,27.647059,1.647059,0.139514,0.708765,1.000000,1.000000,1.000000,0.052303
Internal Completeness,Provenance,21,4,2,19,2,28,1.647059,19.352941,2.352941,27.647059,1.647059,0.139514,0.708765,1.000000,1.000000,1.000000,0.052303
Data Update Currency,Logical Consistency,1,6,0,1,6,44,0.117647,0.882353,5.882353,44.117647,0.117647,0.136000,0.712290,1.000000,1.000000,1.000000,-0.051640
Availability,Causal Traceability,3,2,0,3,2,46,0.117647,2.882353,1.882353,46.117647,0.117647,0.130102,0.718326,1.000000,1.000000,1.000000,-0.050508
Causal Traceability,Data Currency,2,3,0,2,3,46,0.117647,1.882353,2.882353,46.117647,0.117647,0.130102,0.718326,1.000000,1.000000,1.000000,-0.050508
External Completeness,Syntactic Accuracy,15,12,4,11,8,28,3.529412,11.470588,8.470588,27.529412,3.529412,0.116239,0.733150,0.730178,1.000000,1.000000,0.047741
Data Update Currency,Versatility,1,5,0,1,5,45,0.098039,0.901961,4.901961,45.098039,0.098039,0.110870,0.739156,1.000000,1.000000,1.000000,-0.046625
Compactness,Data Update Currency,4,1,0,4,1,46,0.078431,3.921569,0.921569,46.078431,0.078431,0.086809,0.768274,1.000000,1.000000,1.000000,-0.041257
Data Update Currency,Provenance,1,4,0,1,4,46,0.078431,0.921569,3.921569,46.078431,0.078431,0.086809,0.768274,1.000000,1.000000,1.000000,-0.041257
Data Currency,Internal Completeness,3,21,1,2,20,28,1.235294,1.764706,19.764706,28.235294,1.235294,0.080952,0.776011,1.000000,1.000000,1.000000,-0.039841
Precision,Versatility,8,5,1,7,4,39,0.784314,7.215686,4.215686,38.784314,0.784314,0.077995,0.780033,1.000000,1.000000,1.000000,0.039107
Appropriateness,Semantic Accuracy,24,18,8,16,10,17,8.470588,15.529412,9.529412,17.470588,8.470588,0.076319,0.782350,1.000000,1.000000,1.000000,-0.038684
Availability,Data Update Currency,3,1,0,3,1,47,0.058824,2.941176,0.941176,47.058824,0.058824,0.063750,0.800664,1.000000,1.000000,1.000000,-0.035355
Data Update Currency,Temporal Traceability,1,3,0,1,3,47,0.058824,0.941176,2.941176,47.058824,0.058824,0.063750,0.800664,1.000000,1.000000,1.000000,-0.035355
Data Update Currency,Time Concurrency,1,3,0,1,3,47,0.058824,0.941176,2.941176,47.058824,0.058824,0.063750,0.800664,1.000000,1.000000,1.000000,-0.035355
Semantic Accuracy,Versatility,18,5,2,16,3,30,1.764706,16.235294,3.235294,29.764706,1.764706,0.053755,0.816654,1.000000,1.000000,1.000000,0.032466
External Accuracy,Internal Completeness,8,21,3,5,18,25,3.294118,4.705882,17.705882,25.294118,3.294118,0.052949,0.818010,1.000000,1.000000,1.000000,-0.032221
Causal Traceability,Data Update Currency,2,1,0,2,1,48,0.039216,1.960784,0.960784,48.039216,0.039216,0.041633,0.838322,1.000000,1.000000,1.000000,-0.028571
Compliance,Internal Completeness,25,21,10,15,11,15,10.294118,14.705882,10.705882,15.294118,10.294118,0.028022,0.867057,1.000000,1.000000,1.000000,-0.023440
Semantic Accuracy,Syntactic Accuracy,18,12,4,14,8,25,4.235294,13.764706,7.764706,25.235294,4.235294,0.026418,0.870884,1.000000,1.000000,1.000000,-0.022760
External Completeness,Temporal Traceability,15,3,1,14,2,34,0.882353,14.117647,2.117647,33.882353,0.882353,0.023611,0.877879,1.000000,1.000000,1.000000,0.021517
External Completeness,Time Concurrency,15,3,1,14,2,34,0.882353,14.117647,2.117647,33.882353,0.882353,0.023611,0.877879,1.000000,1.000000,1.000000,0.021517
External Accuracy,Semantic Accuracy,8,18,3,5,15,28,2.823529,5.176471,15.176471,27.823529,2.823529,0.020217,0.886934,1.000000,1.000000,1.000000,0.019910
Semantic Accuracy,Trustworthiness,18,8,3,15,5,28,2.823529,15.176471,5.176471,27.823529,2.823529,0.020217,0.886934,1.000000,1.000000,1.000000,0.019910
Coherence,Syntactic Accuracy,12,12,3,9,9,30,2.823529,9.176471,9.176471,29.823529,2.823529,0.018861,0.890766,1.000000,1.000000,1.000000,0.019231
Coherence,External Accuracy,12,8,2,10,6,33,1.882353,10.117647,6.117647,32.882353,1.882353,0.011404,0.914955,1.000000,1.000000,1.000000,0.014954
Precision,Syntactic Accuracy,8,12,2,6,10,33,1.882353,6.117647,10.117647,32.882353,1.882353,0.011404,0.914955,1.000000,1.000000,1.000000,0.014954
Appropriateness,Causal Traceability,24,2,1,23,1,26,0.941176,23.058824,1.058824,25.941176,0.941176,0.007228,0.932248,1.000000,1.000000,1.000000,0.011905
Semantic Accuracy,Time Concurrency,18,3,1,17,2,31,1.058824,16.941176,1.941176,31.058824,1.058824,0.005366,0.941604,1.000000,1.000000,1.000000,-0.010258
Coherence,Compactness,12,4,1,11,3,36,0.941176,11.058824,3.058824,35.941176,0.941176,0.005217,0.942421,1.000000,1.000000,1.000000,0.010114
Coherence,Provenance,12,4,1,11,3,36,0.941176,11.058824,3.058824,35.941176,0.941176,0.005217,0.942421,1.000000,1.000000,1.000000,0.010114
Compactness,Syntactic Accuracy,4,12,1,3,11,36,0.941176,3.058824,11.058824,35.941176,0.941176,0.005217,0.942421,1.000000,1.000000,1.000000,0.010114
External Accuracy,Logical Consistency,8,6,1,7,5,38,0.941176,7.058824,5.058824,37.941176,0.941176,0.004942,0.943956,1.000000,1.000000,1.000000,0.009844
Logical Consistency,Trustworthiness,6,8,1,5,7,38,0.941176,5.058824,7.058824,37.941176,0.941176,0.004942,0.943956,1.000000,1.000000,1.000000,0.009844
Internal Completeness,Versatility,21,5,2,19,3,27,2.058824,18.941176,2.941176,27.058824,2.058824,0.003168,0.955117,1.000000,1.000000,1.000000,-0.007881
